{"cameraMode":{"drawMode":0,"name":"Shaded","section":"Shading Mode"},"sceneLighting":false,"audioPlay":false,"sceneViewState":{"m_AlwaysRefresh":false,"showFog":true,"showSkybox":false,"showFlares":true,"showImageEffects":true,"showParticleSystems":true,"showVisualEffectGraphs":true,"m_FxEnabled":true},"in2DMode":false,"pivot":{"x":0.7638086080551148,"y":1.2142940759658814,"z":-1.0652543306350709},"rotation":{"x":0.35163941979408266,"y":-0.21112081408500672,"z":0.08163435012102127,"w":0.9084145426750183},"size":0.24650712311267854,"orthographic":false}